InstitutionName,DegreeInstitutionName,TaxonomyLevel,TaxonomyValue,TotalFaculty,FemaleFaculty,MaleFaculty
Alabama A&M University,Alabama A&M University,Field,"Biological Sciences, General",7,2,1
Weill Medical College of Cornell University,Albert Einstein College of Medicine of Yeshiva University,Field,"Biological Sciences, General",2,1,1
Arizona State University,Arizona State University,Field,"Biological Sciences, General",8,4,4
Northern Arizona University,Arizona State University,Field,"Biological Sciences, General",3,1,2
University of Alaska Fairbanks,Arizona State University,Field,"Biological Sciences, General",3,2,1
University of Oklahoma,Arizona State University,Field,"Biological Sciences, General",3,2,1
Georgia State University,Baylor College of Medicine,Field,"Biological Sciences, General",2,1,1
Texas A&M University,Baylor College of Medicine,Field,"Biological Sciences, General",2,1,1
Auburn University,Boston University,Field,"Biological Sciences, General",2,1,1
Brandeis University,Brandeis University,Field,"Biological Sciences, General",2,1,1
Brigham Young University,Brigham Young University,Field,"Biological Sciences, General",5,1,3
Florida International University,Brown University,Field,"Biological Sciences, General",3,1,2
Purdue University,Brown University,Field,"Biological Sciences, General",2,1,1
Weill Medical College of Cornell University,Brown University,Field,"Biological Sciences, General",3,1,1
California Institute of Technology,California Institute of Technology,Field,"Biological Sciences, General",4,1,2
Baruch College (CUNY),"City University of New York, The",Field,"Biological Sciences, General",2,1,1
Brooklyn College (CUNY),"City University of New York, The",Field,"Biological Sciences, General",2,1,1
City College (CUNY),"City University of New York, The",Field,"Biological Sciences, General",2,1,1
Fordham University,"City University of New York, The",Field,"Biological Sciences, General",3,1,2
St. John's University,"City University of New York, The",Field,"Biological Sciences, General",2,1,1
Clemson University,Clemson University,Field,"Biological Sciences, General",6,1,4
"College of William & Mary, The","College of William & Mary, The",Field,"Biological Sciences, General",4,2,1
Arizona State University,Colorado State University,Field,"Biological Sciences, General",4,1,3
Colorado State University,Colorado State University,Field,"Biological Sciences, General",3,1,1
Kansas State University,Colorado State University,Field,"Biological Sciences, General",2,1,1
University of Colorado Denver,Colorado State University,Field,"Biological Sciences, General",2,1,1
City of Hope Graduate School of Biological Sciences,Columbia University,Field,"Biological Sciences, General",5,1,3
"College of William & Mary, The",Columbia University,Field,"Biological Sciences, General",2,1,1
New York University,Columbia University,Field,"Biological Sciences, General",3,1,2
Weill Medical College of Cornell University,Columbia University,Field,"Biological Sciences, General",9,4,5
Arizona State University,Cornell University,Field,"Biological Sciences, General",9,1,7
Boston University,Cornell University,Field,"Biological Sciences, General",3,1,2
Brooklyn College (CUNY),Cornell University,Field,"Biological Sciences, General",2,1,1
"College of William & Mary, The",Cornell University,Field,"Biological Sciences, General",3,2,1
Colorado State University,Cornell University,Field,"Biological Sciences, General",4,2,2
Duke University,Cornell University,Field,"Biological Sciences, General",5,1,4
Indiana University - Bloomington,Cornell University,Field,"Biological Sciences, General",5,2,2
Northern Arizona University,Cornell University,Field,"Biological Sciences, General",3,2,1
Texas A&M University,Cornell University,Field,"Biological Sciences, General",2,1,1
"University of Alabama, The",Cornell University,Field,"Biological Sciences, General",3,1,2
University of Colorado Boulder,Cornell University,Field,"Biological Sciences, General",4,2,2
University of Florida,Cornell University,Field,"Biological Sciences, General",2,1,1
University of Nebraska - Lincoln,Cornell University,Field,"Biological Sciences, General",2,1,1
University of New Hampshire,Cornell University,Field,"Biological Sciences, General",2,1,1
"University of New Mexico, The",Cornell University,Field,"Biological Sciences, General",3,2,1
University of Notre Dame,Cornell University,Field,"Biological Sciences, General",2,1,1
Virginia Polytechnic Institute and State University,Cornell University,Field,"Biological Sciences, General",3,2,1
University of the Sciences in Philadelphia,Drexel University,Field,"Biological Sciences, General",2,1,1
Carnegie Mellon University,Duke University,Field,"Biological Sciences, General",3,1,1
Duke University,Duke University,Field,"Biological Sciences, General",7,3,3
Florida State University,Duke University,Field,"Biological Sciences, General",3,1,2
Indiana University - Bloomington,Duke University,Field,"Biological Sciences, General",8,3,5
Louisiana State University,Duke University,Field,"Biological Sciences, General",2,1,1
"University of California, Berkeley",Duke University,Field,"Biological Sciences, General",3,2,1
"University of Maryland, Baltimore County",Duke University,Field,"Biological Sciences, General",3,1,2
University of North Carolina Wilmington,Duke University,Field,"Biological Sciences, General",6,1,4
University of North Carolina at Chapel Hill,Duke University,Field,"Biological Sciences, General",2,1,1
University of Notre Dame,Duke University,Field,"Biological Sciences, General",5,2,3
University of Virginia,Duke University,Field,"Biological Sciences, General",2,1,1
University of Washington,Duke University,Field,"Biological Sciences, General",2,1,1
Illinois State University,Emory University,Field,"Biological Sciences, General",2,1,1
Texas A&M University,Emory University,Field,"Biological Sciences, General",2,1,1
Florida A&M University,Florida A&M University,Field,"Biological Sciences, General",3,1,1
Old Dominion University,Florida State University,Field,"Biological Sciences, General",4,1,2
"University of Alabama, The",Florida State University,Field,"Biological Sciences, General",3,1,2
Arizona State University,Harvard University,Field,"Biological Sciences, General",2,1,1
Boston University,Harvard University,Field,"Biological Sciences, General",6,3,3
Brandeis University,Harvard University,Field,"Biological Sciences, General",3,2,1
California Institute of Technology,Harvard University,Field,"Biological Sciences, General",5,3,2
City College (CUNY),Harvard University,Field,"Biological Sciences, General",3,1,2
Duke University,Harvard University,Field,"Biological Sciences, General",5,1,2
Indiana University - Bloomington,Harvard University,Field,"Biological Sciences, General",3,2,1
Massachusetts Institute of Technology,Harvard University,Field,"Biological Sciences, General",12,3,9
North Carolina State University,Harvard University,Field,"Biological Sciences, General",2,1,1
Rutgers  - Newark,Harvard University,Field,"Biological Sciences, General",2,1,1
St. John's University,Harvard University,Field,"Biological Sciences, General",2,1,1
Stanford University,Harvard University,Field,"Biological Sciences, General",4,2,1
"University of Alabama in Huntsville, The",Harvard University,Field,"Biological Sciences, General",2,1,1
"University of California, Berkeley",Harvard University,Field,"Biological Sciences, General",4,1,3
"University of California, San Diego",Harvard University,Field,"Biological Sciences, General",12,4,6
University of Colorado Boulder,Harvard University,Field,"Biological Sciences, General",3,1,2
University of Massachusetts Amherst,Harvard University,Field,"Biological Sciences, General",3,1,2
University of Massachusetts Boston,Harvard University,Field,"Biological Sciences, General",5,1,4
University of Missouri - St. Louis,Harvard University,Field,"Biological Sciences, General",3,2,1
University of North Carolina at Chapel Hill,Harvard University,Field,"Biological Sciences, General",4,1,3
University of North Texas,Harvard University,Field,"Biological Sciences, General",2,1,1
University of Notre Dame,Harvard University,Field,"Biological Sciences, General",4,1,3
University of Southern California,Harvard University,Field,"Biological Sciences, General",5,2,3
"University of Texas at Austin, The",Harvard University,Field,"Biological Sciences, General",2,1,1
Virginia Polytechnic Institute and State University,Harvard University,Field,"Biological Sciences, General",2,1,1
Weill Medical College of Cornell University,Harvard University,Field,"Biological Sciences, General",7,3,2
Wesleyan University,Harvard University,Field,"Biological Sciences, General",3,2,1
Wright State University,Harvard University,Field,"Biological Sciences, General",2,1,1
Illinois Institute of Technology,Illinois Institute of Technology,Field,"Biological Sciences, General",6,2,3
Ball State University,Indiana University - Bloomington,Field,"Biological Sciences, General",2,1,1
Illinois State University,Indiana University - Bloomington,Field,"Biological Sciences, General",3,1,2
Indiana University - Bloomington,Indiana University - Bloomington,Field,"Biological Sciences, General",5,3,2
Kansas State University,Indiana University - Bloomington,Field,"Biological Sciences, General",3,1,2
University of Alaska Fairbanks,Indiana University - Bloomington,Field,"Biological Sciences, General",2,1,1
"University of Iowa, The",Indiana University - Bloomington,Field,"Biological Sciences, General",3,2,1
University of Missouri,Indiana University - Bloomington,Field,"Biological Sciences, General",2,1,1
"University of Nevada, Las Vegas",Indiana University - Bloomington,Field,"Biological Sciences, General",2,1,1
Ball State University,Indiana University-Purdue University Indianapolis,Field,"Biological Sciences, General",2,1,1
North Dakota State University,Iowa State University,Field,"Biological Sciences, General",2,1,1
California Institute of Technology,Johns Hopkins University,Field,"Biological Sciences, General",3,2,1
"College of William & Mary, The",Johns Hopkins University,Field,"Biological Sciences, General",3,1,2
Massachusetts Institute of Technology,Johns Hopkins University,Field,"Biological Sciences, General",3,1,2
"University of North Carolina at Greensboro, The",Johns Hopkins University,Field,"Biological Sciences, General",2,1,1
University of South Carolina,Johns Hopkins University,Field,"Biological Sciences, General",5,3,2
University of Virginia,Johns Hopkins University,Field,"Biological Sciences, General",5,1,4
Ball State University,Kansas State University,Field,"Biological Sciences, General",2,1,1
Kansas State University,Kansas State University,Field,"Biological Sciences, General",2,1,1
Kent State University,Kent State University,Field,"Biological Sciences, General",4,1,2
Wright State University,Kent State University,Field,"Biological Sciences, General",2,1,1
Loma Linda University,Loma Linda University,Field,"Biological Sciences, General",7,1,6
"University of Alabama, The",Louisiana State University,Field,"Biological Sciences, General",2,1,1
University of Arkansas,Louisiana State University School of Medicine in New Orleans,Field,"Biological Sciences, General",2,1,1
Brandeis University,Massachusetts Institute of Technology,Field,"Biological Sciences, General",4,2,2
California Institute of Technology,Massachusetts Institute of Technology,Field,"Biological Sciences, General",5,1,4
Case Western Reserve University,Massachusetts Institute of Technology,Field,"Biological Sciences, General",2,1,1
Indiana University - Bloomington,Massachusetts Institute of Technology,Field,"Biological Sciences, General",2,1,1
Massachusetts Institute of Technology,Massachusetts Institute of Technology,Field,"Biological Sciences, General",9,1,7
Tufts University,Massachusetts Institute of Technology,Field,"Biological Sciences, General",2,1,1
"University of California, San Diego",Massachusetts Institute of Technology,Field,"Biological Sciences, General",4,1,3
University of Southern California,Massachusetts Institute of Technology,Field,"Biological Sciences, General",2,1,1
Alabama A&M University,Michigan State University,Field,"Biological Sciences, General",2,1,1
Ball State University,Michigan State University,Field,"Biological Sciences, General",2,1,1
Florida State University,Michigan State University,Field,"Biological Sciences, General",3,1,2
Indiana University - Bloomington,Michigan State University,Field,"Biological Sciences, General",4,1,3
Syracuse University,Michigan State University,Field,"Biological Sciences, General",2,1,1
"University of Akron, The",Michigan State University,Field,"Biological Sciences, General",3,1,2
University of Louisville,Michigan State University,Field,"Biological Sciences, General",3,2,1
University of Nebraska - Lincoln,Michigan State University,Field,"Biological Sciences, General",3,1,1
University of Texas Arlington,Michigan State University,Field,"Biological Sciences, General",2,1,1
Michigan Technological University,Michigan Technological University,Field,"Biological Sciences, General",2,1,1
Alabama A&M University,Mississippi State University,Field,"Biological Sciences, General",2,1,1
Mississippi State University,Mississippi State University,Field,"Biological Sciences, General",3,2,1
New York University,New York University,Field,"Biological Sciences, General",6,2,4
Weill Medical College of Cornell University,New York University,Field,"Biological Sciences, General",6,4,2
Clemson University,North Carolina State University,Field,"Biological Sciences, General",3,1,2
North Carolina State University,North Carolina State University,Field,"Biological Sciences, General",5,2,3
"University of Alabama in Huntsville, The",North Carolina State University,Field,"Biological Sciences, General",2,1,1
"University of North Carolina at Greensboro, The",North Carolina State University,Field,"Biological Sciences, General",5,1,4
Northern Arizona University,Northern Arizona University,Field,"Biological Sciences, General",7,3,3
George Washington University,Northwestern University,Field,"Biological Sciences, General",2,1,1
Illinois Institute of Technology,Northwestern University,Field,"Biological Sciences, General",2,1,1
Duquesne University,"Ohio State University, The",Field,"Biological Sciences, General",2,1,1
Wright State University,"Ohio State University, The",Field,"Biological Sciences, General",7,3,4
"University of North Dakota, The",Oregon Health & Science University,Field,"Biological Sciences, General",2,1,1
Arizona State University,Oregon State University,Field,"Biological Sciences, General",2,1,1
Portland State University,Oregon State University,Field,"Biological Sciences, General",2,1,1
Purdue University,Oregon State University,Field,"Biological Sciences, General",2,1,1
University of Northern Colorado,Oregon State University,Field,"Biological Sciences, General",3,2,1
University of Oklahoma,Oregon State University,Field,"Biological Sciences, General",2,1,1
Utah State University,Oregon State University,Field,"Biological Sciences, General",3,1,2
Virginia Polytechnic Institute and State University,Oregon State University,Field,"Biological Sciences, General",3,1,2
Arizona State University,"Pennsylvania State University, The",Field,"Biological Sciences, General",2,1,1
Clemson University,"Pennsylvania State University, The",Field,"Biological Sciences, General",2,1,1
Cleveland State University,"Pennsylvania State University, The",Field,"Biological Sciences, General",2,1,1
Duquesne University,"Pennsylvania State University, The",Field,"Biological Sciences, General",2,1,1
George Washington University,"Pennsylvania State University, The",Field,"Biological Sciences, General",2,1,1
Illinois State University,"Pennsylvania State University, The",Field,"Biological Sciences, General",2,1,1
Kent State University,"Pennsylvania State University, The",Field,"Biological Sciences, General",3,1,2
Morgan State University,"Pennsylvania State University, The",Field,"Biological Sciences, General",2,1,1
New York University,"Pennsylvania State University, The",Field,"Biological Sciences, General",2,1,1
Oakland University,"Pennsylvania State University, The",Field,"Biological Sciences, General",3,1,2
"Pennsylvania State University, The","Pennsylvania State University, The",Field,"Biological Sciences, General",6,2,4
Temple University,"Pennsylvania State University, The",Field,"Biological Sciences, General",3,1,2
Worcester Polytechnic Institute,"Pennsylvania State University, The",Field,"Biological Sciences, General",2,1,1
South Dakota School of Mines & Technology,Princeton University,Field,"Biological Sciences, General",2,1,1
University of Florida,Princeton University,Field,"Biological Sciences, General",3,2,1
University of Houston,Princeton University,Field,"Biological Sciences, General",2,1,1
"University of Montana, Missoula",Princeton University,Field,"Biological Sciences, General",3,1,2
"University of New Orleans, The",Princeton University,Field,"Biological Sciences, General",2,1,1
University of Virginia,Princeton University,Field,"Biological Sciences, General",2,1,1
Vanderbilt University,Princeton University,Field,"Biological Sciences, General",2,1,1
Western Michigan University,Princeton University,Field,"Biological Sciences, General",2,1,1
Northern Illinois University,Purdue University,Field,"Biological Sciences, General",2,1,1
Louisiana State University,Rice University,Field,"Biological Sciences, General",2,1,1
University of Houston,Rice University,Field,"Biological Sciences, General",3,2,1
Fordham University,Rutgers - New Brunswick,Field,"Biological Sciences, General",3,2,1
Rutgers  - Newark,Rutgers - New Brunswick,Field,"Biological Sciences, General",3,1,2
Weill Medical College of Cornell University,Rutgers - New Brunswick,Field,"Biological Sciences, General",2,1,1
Arizona State University,Saint Louis University,Field,"Biological Sciences, General",2,1,1
South Dakota State University,South Dakota State University,Field,"Biological Sciences, General",4,2,2
Arizona State University,Stanford University,Field,"Biological Sciences, General",2,1,1
California Institute of Technology,Stanford University,Field,"Biological Sciences, General",4,2,2
Duke University,Stanford University,Field,"Biological Sciences, General",2,1,1
Florida State University,Stanford University,Field,"Biological Sciences, General",2,1,1
Georgetown University,Stanford University,Field,"Biological Sciences, General",3,2,1
Indiana University - Bloomington,Stanford University,Field,"Biological Sciences, General",2,1,1
Massachusetts Institute of Technology,Stanford University,Field,"Biological Sciences, General",4,1,2
"Pennsylvania State University, The",Stanford University,Field,"Biological Sciences, General",4,1,3
Stanford University,Stanford University,Field,"Biological Sciences, General",4,1,3
"University of California, San Diego",Stanford University,Field,"Biological Sciences, General",6,2,3
University of North Carolina at Chapel Hill,Stanford University,Field,"Biological Sciences, General",3,1,2
University of Oregon,Stanford University,Field,"Biological Sciences, General",7,1,5
"University of Texas at Austin, The",Stanford University,Field,"Biological Sciences, General",4,2,2
"University of Vermont, The",Stanford University,Field,"Biological Sciences, General",2,1,1
University of Washington,Stanford University,Field,"Biological Sciences, General",6,2,4
Arizona State University,"Stony Brook University, State University of New York",Field,"Biological Sciences, General",2,1,1
Illinois Institute of Technology,"Stony Brook University, State University of New York",Field,"Biological Sciences, General",2,1,1
Wake Forest University,Syracuse University,Field,"Biological Sciences, General",4,2,1
University of the Sciences in Philadelphia,Temple University,Field,"Biological Sciences, General",2,1,1
Texas A&M University,Texas A&M Health Science Center,Field,"Biological Sciences, General",7,4,3
Baylor University,Texas A&M University,Field,"Biological Sciences, General",2,1,1
Texas A&M Corpus Christi,Texas A&M University,Field,"Biological Sciences, General",8,1,6
Texas A&M University,Texas A&M University,Field,"Biological Sciences, General",7,2,1
Texas State University,Texas A&M University,Field,"Biological Sciences, General",4,1,3
Kansas State University,Texas Tech University,Field,"Biological Sciences, General",2,1,1
"Pennsylvania State University, The",Texas Tech University,Field,"Biological Sciences, General",2,1,1
Texas Tech University,Texas Tech University,Field,"Biological Sciences, General",6,3,3
Boston College,Tufts University,Field,"Biological Sciences, General",3,1,1
New Mexico State University,Tufts University,Field,"Biological Sciences, General",2,1,1
Northeastern University,Tufts University,Field,"Biological Sciences, General",2,1,1
Worcester Polytechnic Institute,Tufts University,Field,"Biological Sciences, General",2,1,1
University of Notre Dame,Uniformed Services University of the Health Sciences,Field,"Biological Sciences, General",2,1,1
Florida Institute of Technology,"University at Buffalo, State University of New York",Field,"Biological Sciences, General",2,1,1
University of Missouri,"University at Buffalo, State University of New York",Field,"Biological Sciences, General",2,1,1
Indiana University - Bloomington,"University of Alabama at Birmingham, The",Field,"Biological Sciences, General",2,1,1
"University of Southern Mississippi, The","University of Alabama, The",Field,"Biological Sciences, General",2,1,1
University of Alaska Fairbanks,University of Alaska Fairbanks,Field,"Biological Sciences, General",6,1,4
Arizona State University,"University of Arizona, The",Field,"Biological Sciences, General",5,1,4
"College of William & Mary, The","University of Arizona, The",Field,"Biological Sciences, General",2,1,1
Northern Arizona University,"University of Arizona, The",Field,"Biological Sciences, General",4,1,3
Texas State University,"University of Arizona, The",Field,"Biological Sciences, General",2,1,1
Utah State University,"University of Arizona, The",Field,"Biological Sciences, General",2,1,1
West Virginia University,"University of Arizona, The",Field,"Biological Sciences, General",3,1,2
Indiana University - Bloomington,University of Arkansas,Field,"Biological Sciences, General",2,1,1
University of Arkansas,University of Arkansas,Field,"Biological Sciences, General",2,1,1
Arizona State University,"University of California, Berkeley",Field,"Biological Sciences, General",7,3,4
Auburn University,"University of California, Berkeley",Field,"Biological Sciences, General",3,2,1
Brandeis University,"University of California, Berkeley",Field,"Biological Sciences, General",3,2,1
Carnegie Mellon University,"University of California, Berkeley",Field,"Biological Sciences, General",3,1,2
Colorado State University,"University of California, Berkeley",Field,"Biological Sciences, General",3,2,1
Florida State University,"University of California, Berkeley",Field,"Biological Sciences, General",4,1,3
Idaho State University,"University of California, Berkeley",Field,"Biological Sciences, General",2,1,1
Indiana University - Bloomington,"University of California, Berkeley",Field,"Biological Sciences, General",2,1,1
Johns Hopkins University,"University of California, Berkeley",Field,"Biological Sciences, General",3,1,2
Kent State University,"University of California, Berkeley",Field,"Biological Sciences, General",2,1,1
Massachusetts Institute of Technology,"University of California, Berkeley",Field,"Biological Sciences, General",4,1,3
Northern Arizona University,"University of California, Berkeley",Field,"Biological Sciences, General",7,2,5
San Diego State University,"University of California, Berkeley",Field,"Biological Sciences, General",3,2,1
Stanford University,"University of California, Berkeley",Field,"Biological Sciences, General",3,1,2
"University of Chicago, The","University of California, Berkeley",Field,"Biological Sciences, General",2,1,1
University of Colorado Boulder,"University of California, Berkeley",Field,"Biological Sciences, General",5,1,3
University of Denver,"University of California, Berkeley",Field,"Biological Sciences, General",3,1,2
University of Florida,"University of California, Berkeley",Field,"Biological Sciences, General",2,1,1
University of Idaho,"University of California, Berkeley",Field,"Biological Sciences, General",2,1,1
"University of Iowa, The","University of California, Berkeley",Field,"Biological Sciences, General",3,1,2
"University of Maryland, College Park","University of California, Berkeley",Field,"Biological Sciences, General",4,1,3
University of Massachusetts Amherst,"University of California, Berkeley",Field,"Biological Sciences, General",4,2,2
University of New Hampshire,"University of California, Berkeley",Field,"Biological Sciences, General",2,1,1
"University of New Mexico, The","University of California, Berkeley",Field,"Biological Sciences, General",4,1,2
University of Oklahoma,"University of California, Berkeley",Field,"Biological Sciences, General",2,1,1
University of Pennsylvania,"University of California, Berkeley",Field,"Biological Sciences, General",2,1,1
University of Pittsburgh,"University of California, Berkeley",Field,"Biological Sciences, General",3,1,2
University of Southern California,"University of California, Berkeley",Field,"Biological Sciences, General",7,2,4
"University of Texas Health Science Center at Houston, The","University of California, Berkeley",Field,"Biological Sciences, General",2,1,1
"University of Utah, The","University of California, Berkeley",Field,"Biological Sciences, General",2,1,1
University of Washington,"University of California, Berkeley",Field,"Biological Sciences, General",5,2,3
Utah State University,"University of California, Berkeley",Field,"Biological Sciences, General",4,1,3
Virginia Polytechnic Institute and State University,"University of California, Berkeley",Field,"Biological Sciences, General",3,1,1
Auburn University,"University of California, Davis",Field,"Biological Sciences, General",3,2,1
City of Hope Graduate School of Biological Sciences,"University of California, Davis",Field,"Biological Sciences, General",2,1,1
"College of William & Mary, The","University of California, Davis",Field,"Biological Sciences, General",3,2,1
Louisiana State University,"University of California, Davis",Field,"Biological Sciences, General",3,1,1
Northern Arizona University,"University of California, Davis",Field,"Biological Sciences, General",7,1,4
Temple University,"University of California, Davis",Field,"Biological Sciences, General",2,1,1
"University of California, Riverside","University of California, Davis",Field,"Biological Sciences, General",2,1,1
University of Hawaii,"University of California, Davis",Field,"Biological Sciences, General",2,1,1
University of Miami,"University of California, Davis",Field,"Biological Sciences, General",3,1,2
"University of Nevada, Reno","University of California, Davis",Field,"Biological Sciences, General",3,1,2
"University of New Mexico, The","University of California, Davis",Field,"Biological Sciences, General",3,1,2
University of North Carolina Charlotte,"University of California, Davis",Field,"Biological Sciences, General",2,1,1
University of North Carolina Wilmington,"University of California, Davis",Field,"Biological Sciences, General",2,1,1
University of South Carolina,"University of California, Davis",Field,"Biological Sciences, General",2,1,1
"University of Utah, The","University of California, Davis",Field,"Biological Sciences, General",2,1,1
University of Virginia,"University of California, Davis",Field,"Biological Sciences, General",3,1,2
Virginia Polytechnic Institute and State University,"University of California, Davis",Field,"Biological Sciences, General",5,2,2
Washington State University,"University of California, Davis",Field,"Biological Sciences, General",4,1,3
Arizona State University,"University of California, Irvine",Field,"Biological Sciences, General",4,1,3
City of Hope Graduate School of Biological Sciences,"University of California, Los Angeles",Field,"Biological Sciences, General",4,1,3
"College of William & Mary, The","University of California, Los Angeles",Field,"Biological Sciences, General",2,1,1
Portland State University,"University of California, Los Angeles",Field,"Biological Sciences, General",3,1,2
"University of California, Los Angeles","University of California, Los Angeles",Field,"Biological Sciences, General",5,3,2
"University of Texas at El Paso, The","University of California, Los Angeles",Field,"Biological Sciences, General",2,1,1
University of Washington,"University of California, Los Angeles",Field,"Biological Sciences, General",2,1,1
Utah State University,"University of California, Los Angeles",Field,"Biological Sciences, General",4,1,3
Weill Medical College of Cornell University,"University of California, Los Angeles",Field,"Biological Sciences, General",2,1,1
Indiana University - Bloomington,"University of California, Riverside",Field,"Biological Sciences, General",2,1,1
Carnegie Mellon University,"University of California, San Diego",Field,"Biological Sciences, General",2,1,1
Johns Hopkins University,"University of California, San Diego",Field,"Biological Sciences, General",2,1,1
New Mexico State University,"University of California, San Diego",Field,"Biological Sciences, General",2,1,1
Purdue University,"University of California, San Diego",Field,"Biological Sciences, General",3,1,2
San Diego State University,"University of California, San Diego",Field,"Biological Sciences, General",3,1,1
University of Illinois at Chicago,"University of California, San Diego",Field,"Biological Sciences, General",2,1,1
"University of Maryland, College Park","University of California, San Diego",Field,"Biological Sciences, General",3,1,2
University of Oregon,"University of California, San Diego",Field,"Biological Sciences, General",4,1,3
Carnegie Mellon University,"University of California, San Francisco",Field,"Biological Sciences, General",2,1,1
Harvard University,"University of California, San Francisco",Field,"Biological Sciences, General",2,1,1
Massachusetts Institute of Technology,"University of California, San Francisco",Field,"Biological Sciences, General",2,1,1
Stanford University,"University of California, San Francisco",Field,"Biological Sciences, General",3,2,1
"University of California, San Diego","University of California, San Francisco",Field,"Biological Sciences, General",3,1,2
"College of William & Mary, The","University of California, Santa Barbara",Field,"Biological Sciences, General",3,1,2
University of Florida,"University of California, Santa Barbara",Field,"Biological Sciences, General",2,1,1
University of Rhode Island,"University of California, Santa Barbara",Field,"Biological Sciences, General",2,1,1
University of Southern California,"University of California, Santa Cruz",Field,"Biological Sciences, General",3,1,2
Duke University,"University of Chicago, The",Field,"Biological Sciences, General",6,2,4
Florida State University,"University of Chicago, The",Field,"Biological Sciences, General",4,3,1
Syracuse University,"University of Chicago, The",Field,"Biological Sciences, General",2,1,1
University of Pittsburgh,"University of Chicago, The",Field,"Biological Sciences, General",3,1,2
"University of Utah, The","University of Chicago, The",Field,"Biological Sciences, General",4,1,3
Wayne State University,"University of Cincinnati, The",Field,"Biological Sciences, General",2,1,1
Arizona State University,University of Colorado Boulder,Field,"Biological Sciences, General",2,1,1
University of Colorado Boulder,University of Colorado Boulder,Field,"Biological Sciences, General",9,3,5
"University of Maryland, College Park",University of Colorado Boulder,Field,"Biological Sciences, General",2,1,1
"University of Nevada, Las Vegas",University of Colorado Boulder,Field,"Biological Sciences, General",2,1,1
"University of New Mexico, The",University of Colorado Boulder,Field,"Biological Sciences, General",2,1,1
University of Northern Colorado,University of Colorado Boulder,Field,"Biological Sciences, General",2,1,1
"University of Utah, The",University of Colorado Boulder,Field,"Biological Sciences, General",2,1,1
University of Denver,University of Colorado Denver,Field,"Biological Sciences, General",2,1,1
City of Hope Graduate School of Biological Sciences,University of Connecticut,Field,"Biological Sciences, General",2,1,1
"College of William & Mary, The",University of Connecticut,Field,"Biological Sciences, General",2,1,1
New York University,University of Connecticut,Field,"Biological Sciences, General",2,1,1
University of Memphis,University of Connecticut,Field,"Biological Sciences, General",2,1,1
Baylor University,University of Florida,Field,"Biological Sciences, General",2,1,1
East Carolina University,University of Florida,Field,"Biological Sciences, General",3,2,1
Louisiana Tech University,University of Florida,Field,"Biological Sciences, General",3,1,2
University of Central Florida,University of Florida,Field,"Biological Sciences, General",3,1,2
University of Florida,University of Florida,Field,"Biological Sciences, General",3,2,1
Arizona State University,University of Georgia,Field,"Biological Sciences, General",3,1,2
Auburn University,University of Georgia,Field,"Biological Sciences, General",3,2,1
"Binghamton University, State University of New York",University of Georgia,Field,"Biological Sciences, General",2,1,1
"College of William & Mary, The",University of Georgia,Field,"Biological Sciences, General",2,1,1
Florida International University,University of Georgia,Field,"Biological Sciences, General",2,1,1
North Carolina State University,University of Georgia,Field,"Biological Sciences, General",2,1,1
"Pennsylvania State University, The",University of Georgia,Field,"Biological Sciences, General",5,1,4
Temple University,University of Georgia,Field,"Biological Sciences, General",2,1,1
Texas A&M Corpus Christi,University of Georgia,Field,"Biological Sciences, General",2,1,1
Texas A&M University,University of Georgia,Field,"Biological Sciences, General",6,2,3
"University of Alabama, The",University of Georgia,Field,"Biological Sciences, General",5,2,3
University of Arkansas,University of Georgia,Field,"Biological Sciences, General",4,1,3
University of Florida,University of Georgia,Field,"Biological Sciences, General",2,1,1
University of Louisiana at Lafayette,University of Georgia,Field,"Biological Sciences, General",3,1,2
University of Missouri,University of Georgia,Field,"Biological Sciences, General",3,1,2
"University of North Dakota, The",University of Georgia,Field,"Biological Sciences, General",2,1,1
Virginia Polytechnic Institute and State University,University of Georgia,Field,"Biological Sciences, General",4,1,3
University of Houston,University of Houston,Field,"Biological Sciences, General",3,1,2
Indiana University-Purdue University Indianapolis,University of Illinois at Chicago,Field,"Biological Sciences, General",2,1,1
University of Illinois at Chicago,University of Illinois at Chicago,Field,"Biological Sciences, General",2,1,1
Bowling Green State University,University of Illinois at Urbana-Champaign,Field,"Biological Sciences, General",3,2,1
East Carolina University,University of Illinois at Urbana-Champaign,Field,"Biological Sciences, General",2,1,1
Kansas State University,University of Illinois at Urbana-Champaign,Field,"Biological Sciences, General",3,1,2
Rensselaer Polytechnic Institute,University of Illinois at Urbana-Champaign,Field,"Biological Sciences, General",2,1,1
South Dakota School of Mines & Technology,University of Illinois at Urbana-Champaign,Field,"Biological Sciences, General",2,1,1
Temple University,University of Illinois at Urbana-Champaign,Field,"Biological Sciences, General",2,1,1
University of Illinois at Urbana-Champaign,University of Illinois at Urbana-Champaign,Field,"Biological Sciences, General",3,1,2
"University of Maine, The",University of Illinois at Urbana-Champaign,Field,"Biological Sciences, General",2,1,1
University of North Carolina at Chapel Hill,University of Illinois at Urbana-Champaign,Field,"Biological Sciences, General",3,1,2
University of Pittsburgh,University of Illinois at Urbana-Champaign,Field,"Biological Sciences, General",2,1,1
Virginia Polytechnic Institute and State University,University of Illinois at Urbana-Champaign,Field,"Biological Sciences, General",4,1,1
Washington University in St. Louis,University of Illinois at Urbana-Champaign,Field,"Biological Sciences, General",4,1,3
University of Dayton,"University of Iowa, The",Field,"Biological Sciences, General",2,1,1
"University of Maryland, College Park","University of Iowa, The",Field,"Biological Sciences, General",2,1,1
University of Memphis,"University of Iowa, The",Field,"Biological Sciences, General",2,1,1
"University of Montana, Missoula","University of Iowa, The",Field,"Biological Sciences, General",2,1,1
Northern Arizona University,"University of Kansas, The",Field,"Biological Sciences, General",2,1,1
University of Oklahoma,"University of Kansas, The",Field,"Biological Sciences, General",2,1,1
Arizona State University,University of Kentucky,Field,"Biological Sciences, General",3,1,2
Kent State University,University of Kentucky,Field,"Biological Sciences, General",2,1,1
Marshall University,University of Kentucky,Field,"Biological Sciences, General",2,1,1
North Carolina State University,University of Kentucky,Field,"Biological Sciences, General",2,1,1
Purdue University,University of Kentucky,Field,"Biological Sciences, General",2,1,1
George Washington University,"University of Maryland, College Park",Field,"Biological Sciences, General",3,1,2
"Pennsylvania State University, The","University of Maryland, College Park",Field,"Biological Sciences, General",2,1,1
University of Southern California,"University of Maryland, College Park",Field,"Biological Sciences, General",2,1,1
Utah State University,"University of Maryland, College Park",Field,"Biological Sciences, General",2,1,1
George Washington University,University of Massachusetts Amherst,Field,"Biological Sciences, General",3,1,2
"University of Toledo, The",University of Massachusetts Amherst,Field,"Biological Sciences, General",2,1,1
University of Washington,University of Massachusetts Amherst,Field,"Biological Sciences, General",4,2,2
University of Southern California,University of Miami,Field,"Biological Sciences, General",3,1,2
Duke University,University of Michigan,Field,"Biological Sciences, General",3,1,1
Emory University,University of Michigan,Field,"Biological Sciences, General",4,1,2
Massachusetts Institute of Technology,University of Michigan,Field,"Biological Sciences, General",2,1,1
North Carolina State University,University of Michigan,Field,"Biological Sciences, General",3,1,2
"Pennsylvania State University, The",University of Michigan,Field,"Biological Sciences, General",5,1,3
"University of California, Berkeley",University of Michigan,Field,"Biological Sciences, General",5,1,4
University of Massachusetts Boston,University of Michigan,Field,"Biological Sciences, General",2,1,1
"University of New Mexico, The",University of Michigan,Field,"Biological Sciences, General",3,1,2
University of Oklahoma,University of Michigan,Field,"Biological Sciences, General",2,1,1
University of Oregon,University of Michigan,Field,"Biological Sciences, General",2,1,1
University of Pennsylvania,University of Michigan,Field,"Biological Sciences, General",2,1,1
University of Pittsburgh,University of Michigan,Field,"Biological Sciences, General",2,1,1
"University of Texas at Austin, The",University of Michigan,Field,"Biological Sciences, General",3,2,1
George Washington University,"University of Minnesota, Twin Cities",Field,"Biological Sciences, General",2,1,1
South Dakota School of Mines & Technology,"University of Minnesota, Twin Cities",Field,"Biological Sciences, General",2,1,1
"University of Minnesota, Twin Cities","University of Minnesota, Twin Cities",Field,"Biological Sciences, General",5,1,3
University of the Sciences in Philadelphia,"University of Minnesota, Twin Cities",Field,"Biological Sciences, General",2,1,1
Texas A&M University,University of Missouri,Field,"Biological Sciences, General",2,1,1
"University of California, San Diego",University of Missouri,Field,"Biological Sciences, General",2,1,1
"University of Texas at Tyler, The",University of Missouri,Field,"Biological Sciences, General",2,1,1
"University of Montana, Missoula","University of Montana, Missoula",Field,"Biological Sciences, General",7,1,6
"University of New Mexico, The",University of Nebraska - Lincoln,Field,"Biological Sciences, General",2,1,1
Rensselaer Polytechnic Institute,University of New Hampshire,Field,"Biological Sciences, General",2,1,1
University of Massachusetts Lowell,University of New Hampshire,Field,"Biological Sciences, General",4,1,3
University of New Hampshire,University of New Hampshire,Field,"Biological Sciences, General",3,1,2
Kansas State University,"University of New Mexico, The",Field,"Biological Sciences, General",2,1,1
University of Florida,"University of New Mexico, The",Field,"Biological Sciences, General",2,1,1
Utah State University,"University of New Mexico, The",Field,"Biological Sciences, General",3,2,1
Case Western Reserve University,University of North Carolina at Chapel Hill,Field,"Biological Sciences, General",2,1,1
Duke University,University of North Carolina at Chapel Hill,Field,"Biological Sciences, General",3,1,2
Lehigh University,University of North Carolina at Chapel Hill,Field,"Biological Sciences, General",3,2,1
North Carolina State University,University of North Carolina at Chapel Hill,Field,"Biological Sciences, General",3,2,1
"University of Maine, The",University of North Carolina at Chapel Hill,Field,"Biological Sciences, General",2,1,1
University of North Carolina at Chapel Hill,University of North Carolina at Chapel Hill,Field,"Biological Sciences, General",3,1,2
Wright State University,University of North Carolina at Chapel Hill,Field,"Biological Sciences, General",2,1,1
University of North Texas,University of North Texas,Field,"Biological Sciences, General",5,2,3
"Binghamton University, State University of New York",University of Notre Dame,Field,"Biological Sciences, General",3,2,1
Louisiana Tech University,University of Oklahoma,Field,"Biological Sciences, General",2,1,1
University of Oklahoma,University of Oklahoma,Field,"Biological Sciences, General",5,2,3
Georgia Institute of Technology,University of Pennsylvania,Field,"Biological Sciences, General",2,1,1
Indiana University-Purdue University Indianapolis,University of Pennsylvania,Field,"Biological Sciences, General",2,1,1
Temple University,University of Pennsylvania,Field,"Biological Sciences, General",2,1,1
University of Delaware,University of Pennsylvania,Field,"Biological Sciences, General",2,1,1
University of Virginia,University of Pennsylvania,Field,"Biological Sciences, General",2,1,1
Duquesne University,University of Pittsburgh,Field,"Biological Sciences, General",2,1,1
University of the Sciences in Philadelphia,University of Pittsburgh,Field,"Biological Sciences, General",2,1,1
Wright State University,University of Pittsburgh,Field,"Biological Sciences, General",3,1,1
University of North Carolina Wilmington,University of Rhode Island,Field,"Biological Sciences, General",3,1,2
University of Rochester,University of Rochester,Field,"Biological Sciences, General",2,1,1
University of Central Florida,University of South Carolina,Field,"Biological Sciences, General",2,1,1
"University of South Dakota, The",University of South Florida,Field,"Biological Sciences, General",2,1,1
"University of California, Berkeley",University of Southern California,Field,"Biological Sciences, General",2,1,1
University of Southern California,University of Southern California,Field,"Biological Sciences, General",6,1,4
Arizona State University,"University of Tennessee, The",Field,"Biological Sciences, General",2,1,1
Mississippi State University,"University of Tennessee, The",Field,"Biological Sciences, General",2,1,1
North Dakota State University,"University of Tennessee, The",Field,"Biological Sciences, General",2,1,1
"University of Alabama, The","University of Tennessee, The",Field,"Biological Sciences, General",3,1,2
University of Central Florida,"University of Tennessee, The",Field,"Biological Sciences, General",2,1,1
City of Hope Graduate School of Biological Sciences,"University of Texas Health Science Center at Houston, The",Field,"Biological Sciences, General",2,1,1
Texas A&M University,"University of Texas Health Science Center at Houston, The",Field,"Biological Sciences, General",4,2,1
"University of Texas at San Antonio, The","University of Texas Health Science Center at San Antonio, The",Field,"Biological Sciences, General",2,1,1
Texas A&M University,"University of Texas Medical Branch, The",Field,"Biological Sciences, General",2,1,1
Texas A&M University,"University of Texas Southwestern Medical Center at Dallas, The",Field,"Biological Sciences, General",2,1,1
"University of Chicago, The","University of Texas Southwestern Medical Center at Dallas, The",Field,"Biological Sciences, General",2,1,1
Auburn University,"University of Texas at Austin, The",Field,"Biological Sciences, General",4,1,2
Boston University,"University of Texas at Austin, The",Field,"Biological Sciences, General",3,2,1
Indiana University - Bloomington,"University of Texas at Austin, The",Field,"Biological Sciences, General",3,1,1
Kansas State University,"University of Texas at Austin, The",Field,"Biological Sciences, General",5,1,3
Texas A&M Corpus Christi,"University of Texas at Austin, The",Field,"Biological Sciences, General",3,1,2
Texas State University,"University of Texas at Austin, The",Field,"Biological Sciences, General",3,1,1
University of Houston,"University of Texas at Austin, The",Field,"Biological Sciences, General",3,1,2
University of Missouri,"University of Texas at Austin, The",Field,"Biological Sciences, General",3,1,2
University of Nebraska - Lincoln,"University of Texas at Austin, The",Field,"Biological Sciences, General",2,1,1
"University of New Mexico, The","University of Texas at Austin, The",Field,"Biological Sciences, General",3,2,1
"University of New Orleans, The","University of Texas at Austin, The",Field,"Biological Sciences, General",2,1,1
University of North Carolina at Chapel Hill,"University of Texas at Austin, The",Field,"Biological Sciences, General",4,2,2
"University of Texas at Austin, The","University of Texas at Austin, The",Field,"Biological Sciences, General",2,1,1
University of Notre Dame,"University of Texas at San Antonio, The",Field,"Biological Sciences, General",2,1,1
University of Pennsylvania,"University of Utah, The",Field,"Biological Sciences, General",2,1,1
"College of William & Mary, The",University of Virginia,Field,"Biological Sciences, General",4,2,2
Florida State University,University of Virginia,Field,"Biological Sciences, General",2,1,1
University of Virginia,University of Virginia,Field,"Biological Sciences, General",3,2,1
Vanderbilt University,University of Virginia,Field,"Biological Sciences, General",2,1,1
Arizona State University,University of Washington,Field,"Biological Sciences, General",2,1,1
"College of William & Mary, The",University of Washington,Field,"Biological Sciences, General",5,1,3
Duke University,University of Washington,Field,"Biological Sciences, General",2,1,1
East Carolina University,University of Washington,Field,"Biological Sciences, General",3,1,2
Indiana University - Bloomington,University of Washington,Field,"Biological Sciences, General",2,1,1
Kansas State University,University of Washington,Field,"Biological Sciences, General",2,1,1
"University of California, San Diego",University of Washington,Field,"Biological Sciences, General",3,1,1
"University of Maine, The",University of Washington,Field,"Biological Sciences, General",3,2,1
University of Miami,University of Washington,Field,"Biological Sciences, General",3,1,2
"University of Nevada, Las Vegas",University of Washington,Field,"Biological Sciences, General",3,1,2
"University of North Carolina at Greensboro, The",University of Washington,Field,"Biological Sciences, General",2,1,1
"University of Utah, The",University of Washington,Field,"Biological Sciences, General",5,1,4
University of Washington,University of Washington,Field,"Biological Sciences, General",7,3,4
Washington State University,University of Washington,Field,"Biological Sciences, General",4,2,2
Weill Medical College of Cornell University,University of Washington,Field,"Biological Sciences, General",2,1,1
Arizona State University,University of Wisconsin - Madison,Field,"Biological Sciences, General",2,1,1
City of Hope Graduate School of Biological Sciences,University of Wisconsin - Madison,Field,"Biological Sciences, General",3,1,1
"College of William & Mary, The",University of Wisconsin - Madison,Field,"Biological Sciences, General",8,1,6
Dartmouth College,University of Wisconsin - Madison,Field,"Biological Sciences, General",2,1,1
Duke University,University of Wisconsin - Madison,Field,"Biological Sciences, General",2,1,1
East Carolina University,University of Wisconsin - Madison,Field,"Biological Sciences, General",2,1,1
Illinois Institute of Technology,University of Wisconsin - Madison,Field,"Biological Sciences, General",4,1,3
Illinois State University,University of Wisconsin - Madison,Field,"Biological Sciences, General",3,1,2
Indiana University - Bloomington,University of Wisconsin - Madison,Field,"Biological Sciences, General",2,1,1
Purdue University,University of Wisconsin - Madison,Field,"Biological Sciences, General",4,1,3
South Dakota School of Mines & Technology,University of Wisconsin - Madison,Field,"Biological Sciences, General",3,1,2
Texas A&M University,University of Wisconsin - Madison,Field,"Biological Sciences, General",6,1,4
"University of California, San Diego",University of Wisconsin - Madison,Field,"Biological Sciences, General",3,1,1
University of Colorado Boulder,University of Wisconsin - Madison,Field,"Biological Sciences, General",5,1,4
University of Florida,University of Wisconsin - Madison,Field,"Biological Sciences, General",2,1,1
University of Illinois at Chicago,University of Wisconsin - Madison,Field,"Biological Sciences, General",3,1,2
"University of Maryland, Baltimore County",University of Wisconsin - Madison,Field,"Biological Sciences, General",2,1,1
University of Massachusetts Amherst,University of Wisconsin - Madison,Field,"Biological Sciences, General",2,1,1
"University of New Mexico, The",University of Wisconsin - Madison,Field,"Biological Sciences, General",4,1,3
University of Notre Dame,University of Wisconsin - Madison,Field,"Biological Sciences, General",6,2,4
University of Pittsburgh,University of Wisconsin - Madison,Field,"Biological Sciences, General",2,1,1
University of Southern California,University of Wisconsin - Madison,Field,"Biological Sciences, General",3,2,1
University of Wisconsin - Milwaukee,University of Wisconsin - Madison,Field,"Biological Sciences, General",4,2,2
Wayne State University,University of Wisconsin - Madison,Field,"Biological Sciences, General",2,1,1
University of Arkansas,University of Wyoming,Field,"Biological Sciences, General",2,1,1
University of Idaho,University of Wyoming,Field,"Biological Sciences, General",2,1,1
South Dakota School of Mines & Technology,Utah State University,Field,"Biological Sciences, General",3,2,1
Tennessee State University,Vanderbilt University,Field,"Biological Sciences, General",3,1,2
Texas A&M University,Vanderbilt University,Field,"Biological Sciences, General",4,1,2
Virginia Commonwealth University,Virginia Commonwealth University,Field,"Biological Sciences, General",2,1,1
Utah State University,Washington State University,Field,"Biological Sciences, General",4,2,2
Saint Louis University,Washington University in St. Louis,Field,"Biological Sciences, General",7,5,1
San Diego State University,Washington University in St. Louis,Field,"Biological Sciences, General",2,1,1
University of Massachusetts Amherst,Washington University in St. Louis,Field,"Biological Sciences, General",3,1,2
Wright State University,Washington University in St. Louis,Field,"Biological Sciences, General",2,1,1
Weill Medical College of Cornell University,Weill Medical College of Cornell University,Field,"Biological Sciences, General",5,1,4
Wright State University,Wright State University,Field,"Biological Sciences, General",4,1,3
Arizona State University,Yale University,Field,"Biological Sciences, General",2,1,1
Indiana University - Bloomington,Yale University,Field,"Biological Sciences, General",2,1,1
Marquette University,Yale University,Field,"Biological Sciences, General",3,2,1
Massachusetts Institute of Technology,Yale University,Field,"Biological Sciences, General",4,2,2
Northern Illinois University,Yale University,Field,"Biological Sciences, General",2,1,1
Stanford University,Yale University,Field,"Biological Sciences, General",4,2,1
University of Arkansas,Yale University,Field,"Biological Sciences, General",3,1,2
"University of California, Riverside",Yale University,Field,"Biological Sciences, General",3,2,1
"University of California, San Diego",Yale University,Field,"Biological Sciences, General",3,1,1
University of Pennsylvania,Yale University,Field,"Biological Sciences, General",2,1,1
Washington University in St. Louis,Yale University,Field,"Biological Sciences, General",2,1,1
Weill Medical College of Cornell University,Yale University,Field,"Biological Sciences, General",2,1,1
