InstitutionName,DegreeInstitutionName,TaxonomyLevel,TaxonomyValue,TotalFaculty,FemaleFaculty,MaleFaculty
Albert Einstein College of Medicine of Yeshiva University,Albert Einstein College of Medicine of Yeshiva University,Field,Microbiology,4,2,2
Baylor College of Medicine,Baylor College of Medicine,Field,Microbiology,8,3,5
Rutgers - New Brunswick,Brandeis University,Field,Microbiology,2,1,1
"University of Texas Health Science Center at San Antonio, The",Brandeis University,Field,Microbiology,2,1,1
Iowa State University,Clemson University,Field,Microbiology,2,1,1
Colorado State University,Colorado State University,Field,Microbiology,20,11,7
"University of Arizona, The",Colorado State University,Field,Microbiology,2,1,1
"University of California, Davis",Colorado State University,Field,Microbiology,5,1,4
Florida International University,Columbia University,Field,Microbiology,2,1,1
New York University,Columbia University,Field,Microbiology,2,1,1
Rutgers - New Brunswick,Columbia University,Field,Microbiology,6,2,3
Colorado State University,Cornell University,Field,Microbiology,2,1,1
Rutgers - New Brunswick,Cornell University,Field,Microbiology,3,1,2
University of Rochester,Cornell University,Field,Microbiology,2,1,1
"University of Texas Health Science Center at Houston, The",Cornell University,Field,Microbiology,2,1,1
Dartmouth College,Dartmouth College,Field,Microbiology,4,2,2
Rutgers - New Brunswick,Dartmouth College,Field,Microbiology,2,1,1
Drexel University,Drexel University,Field,Microbiology,4,2,2
Colorado State University,Duke University,Field,Microbiology,2,1,1
Duke University,Duke University,Field,Microbiology,5,1,4
University of Virginia,Duke University,Field,Microbiology,2,1,1
Vanderbilt University,Duke University,Field,Microbiology,3,1,2
"University of Tennessee, The",Emory University,Field,Microbiology,2,1,1
Emory University,Harvard University,Field,Microbiology,2,1,1
Harvard University,Harvard University,Field,Microbiology,12,5,6
Stanford University,Harvard University,Field,Microbiology,4,2,2
Tufts University,Harvard University,Field,Microbiology,2,1,1
"University of California, Davis",Harvard University,Field,Microbiology,4,3,1
University of Pennsylvania,Harvard University,Field,Microbiology,4,2,2
University of Virginia,Harvard University,Field,Microbiology,2,1,1
University of Wisconsin - Madison,Harvard University,Field,Microbiology,2,1,1
Vanderbilt University,Harvard University,Field,Microbiology,3,1,2
Howard University,Howard University,Field,Microbiology,5,3,2
University of Nebraska Medical Center,Icahn School of Medicine at Mount Sinai,Field,Microbiology,2,1,1
University of Florida,Indiana University-Purdue University Indianapolis,Field,Microbiology,2,1,1
Medical University of South Carolina,Iowa State University,Field,Microbiology,2,1,1
Johns Hopkins University,Johns Hopkins University,Field,Microbiology,6,2,3
Rutgers - New Brunswick,Johns Hopkins University,Field,Microbiology,3,1,2
Vanderbilt University,Johns Hopkins University,Field,Microbiology,7,2,3
University of Arkansas for Medical Sciences,Kansas State University,Field,Microbiology,3,1,1
Louisiana State University School of Medicine in New Orleans,Louisiana State University,Field,Microbiology,3,1,2
Louisiana State University School of Medicine in New Orleans,Louisiana State University School of Medicine in New Orleans,Field,Microbiology,3,1,1
Loyola University Chicago,Loyola University Chicago,Field,Microbiology,4,1,1
"Pennsylvania State University, The",Massachusetts Institute of Technology,Field,Microbiology,2,1,1
Rutgers - New Brunswick,Massachusetts Institute of Technology,Field,Microbiology,2,1,1
Tufts University,Massachusetts Institute of Technology,Field,Microbiology,2,1,1
Michigan State University,Michigan State University,Field,Microbiology,3,1,2
University of Kentucky,Michigan State University,Field,Microbiology,3,1,2
University of Pittsburgh,Michigan State University,Field,Microbiology,2,1,1
Montana State University,Montana State University,Field,Microbiology,5,3,2
New York University,New York University,Field,Microbiology,6,2,4
Rutgers - New Brunswick,New York University,Field,Microbiology,4,2,1
"University at Buffalo, State University of New York",New York University,Field,Microbiology,2,1,1
University of Florida,North Carolina State University,Field,Microbiology,2,1,1
Florida International University,Nova Southeastern University,Field,Microbiology,3,2,1
Colorado State University,"Ohio State University, The",Field,Microbiology,2,1,1
"Ohio State University, The","Ohio State University, The",Field,Microbiology,2,1,1
West Virginia University,"Ohio State University, The",Field,Microbiology,2,1,1
Oklahoma State University,Oklahoma State University,Field,Microbiology,5,1,3
Oregon Health & Science University,Oregon Health & Science University,Field,Microbiology,5,4,1
Saint Louis University,Oregon Health & Science University,Field,Microbiology,2,1,1
"University of Arizona, The",Oregon Health & Science University,Field,Microbiology,2,1,1
University of Florida,Oregon State University,Field,Microbiology,2,1,1
Drexel University,"Pennsylvania State University, The",Field,Microbiology,3,1,2
"Pennsylvania State University, The","Pennsylvania State University, The",Field,Microbiology,4,1,3
University of Pittsburgh,"Pennsylvania State University, The",Field,Microbiology,4,1,3
"University of Montana, Missoula",Princeton University,Field,Microbiology,3,1,2
University of North Carolina at Chapel Hill,Princeton University,Field,Microbiology,3,1,2
Rosalind Franklin University,Rosalind Franklin University,Field,Microbiology,2,1,1
South Dakota State University,South Dakota State University,Field,Microbiology,4,2,2
University of Oklahoma,Southern Illinois University Carbondale,Field,Microbiology,2,1,1
Johns Hopkins University,Stanford University,Field,Microbiology,2,1,1
Oregon Health & Science University,Stanford University,Field,Microbiology,3,1,2
Stanford University,Stanford University,Field,Microbiology,4,1,3
"Stony Brook University, State University of New York",Stanford University,Field,Microbiology,2,1,1
"University of California, Los Angeles",Stanford University,Field,Microbiology,2,1,1
"University of Cincinnati, The",Stanford University,Field,Microbiology,2,1,1
"Stony Brook University, State University of New York","Stony Brook University, State University of New York",Field,Microbiology,3,2,1
West Virginia University,Temple University,Field,Microbiology,2,1,1
Boston University,Tufts University,Field,Microbiology,2,1,1
Florida International University,Tulane University,Field,Microbiology,2,1,1
Tulane University,Tulane University,Field,Microbiology,5,4,1
Vanderbilt University,Tulane University,Field,Microbiology,3,1,1
Florida International University,"University at Buffalo, State University of New York",Field,Microbiology,2,1,1
Thomas Jefferson University,"University at Buffalo, State University of New York",Field,Microbiology,2,1,1
"University at Buffalo, State University of New York","University at Buffalo, State University of New York",Field,Microbiology,3,1,2
SUNY Upstate Medical University,"University of Alabama at Birmingham, The",Field,Microbiology,2,1,1
"University of Alabama at Birmingham, The","University of Alabama at Birmingham, The",Field,Microbiology,8,1,5
Vanderbilt University,"University of Alabama at Birmingham, The",Field,Microbiology,3,2,1
Brown University,"University of California, Berkeley",Field,Microbiology,2,1,1
Cornell University,"University of California, Berkeley",Field,Microbiology,2,1,1
Harvard University,"University of California, Berkeley",Field,Microbiology,2,1,1
"Pennsylvania State University, The","University of California, Berkeley",Field,Microbiology,3,1,2
"University of California, Davis","University of California, Berkeley",Field,Microbiology,6,1,5
"University of California, Los Angeles","University of California, Berkeley",Field,Microbiology,2,1,1
University of Illinois at Urbana-Champaign,"University of California, Berkeley",Field,Microbiology,3,1,2
University of Massachusetts Amherst,"University of California, Berkeley",Field,Microbiology,2,1,1
University of Oklahoma,"University of California, Berkeley",Field,Microbiology,3,1,2
University of Pittsburgh,"University of California, Berkeley",Field,Microbiology,3,1,2
University of Virginia,"University of California, Berkeley",Field,Microbiology,2,1,1
University of Washington,"University of California, Berkeley",Field,Microbiology,3,1,2
Colorado State University,"University of California, Davis",Field,Microbiology,2,1,1
"University of California, Davis","University of California, Davis",Field,Microbiology,16,4,9
Michigan State University,"University of California, Los Angeles",Field,Microbiology,3,1,2
"University of California, Davis","University of California, Los Angeles",Field,Microbiology,2,1,1
Thomas Jefferson University,"University of California, San Diego",Field,Microbiology,2,1,1
"University of California, Irvine","University of California, San Diego",Field,Microbiology,2,1,1
University of Colorado Denver,"University of California, San Diego",Field,Microbiology,3,2,1
"University of California, San Francisco","University of California, San Francisco",Field,Microbiology,3,2,1
University of Colorado Denver,"University of California, San Francisco",Field,Microbiology,3,2,1
"University of California, Santa Cruz","University of California, Santa Cruz",Field,Microbiology,2,1,1
"University of Chicago, The","University of Chicago, The",Field,Microbiology,2,1,1
"University of Texas Medical Branch, The","University of Cincinnati, The",Field,Microbiology,2,1,1
Virginia Commonwealth University,University of Connecticut,Field,Microbiology,2,1,1
University of Florida,University of Florida,Field,Microbiology,12,5,6
Cornell University,University of Georgia,Field,Microbiology,2,1,1
University of Georgia,University of Georgia,Field,Microbiology,3,2,1
University of Louisiana at Lafayette,University of Georgia,Field,Microbiology,3,1,2
"University of Tennessee, The",University of Georgia,Field,Microbiology,2,1,1
"Pennsylvania State University, The",University of Illinois at Urbana-Champaign,Field,Microbiology,3,1,1
"University of Montana, Missoula","University of Iowa, The",Field,Microbiology,2,1,1
Oklahoma State University,"University of Kansas, The",Field,Microbiology,2,1,1
University of Nebraska Medical Center,"University of Kansas, The",Field,Microbiology,2,1,1
Texas A&M University,University of Kentucky,Field,Microbiology,2,1,1
University of Kentucky,University of Kentucky,Field,Microbiology,2,1,1
University of Massachusetts Amherst,University of Massachusetts Amherst,Field,Microbiology,2,1,1
Florida International University,University of Miami,Field,Microbiology,8,5,2
University of Miami,University of Miami,Field,Microbiology,2,1,1
"University of California, Davis",University of Michigan,Field,Microbiology,2,1,1
University of Kentucky,University of Michigan,Field,Microbiology,2,1,1
Wayne State University,University of Michigan,Field,Microbiology,3,1,2
Colorado State University,"University of Minnesota, Twin Cities",Field,Microbiology,4,2,2
Miami University,"University of Minnesota, Twin Cities",Field,Microbiology,2,1,1
University of Florida,"University of Minnesota, Twin Cities",Field,Microbiology,2,1,1
University of Nebraska Medical Center,"University of Minnesota, Twin Cities",Field,Microbiology,3,1,2
Vanderbilt University,"University of Minnesota, Twin Cities",Field,Microbiology,2,1,1
University of Florida,University of Missouri,Field,Microbiology,2,1,1
University of Missouri,University of Missouri,Field,Microbiology,4,3,1
"University of Montana, Missoula","University of Montana, Missoula",Field,Microbiology,7,1,6
University of Nebraska Medical Center,University of Nebraska - Lincoln,Field,Microbiology,4,2,1
Creighton University,University of Nebraska Medical Center,Field,Microbiology,2,1,1
University of Nebraska Medical Center,University of Nebraska Medical Center,Field,Microbiology,19,8,10
Oregon Health & Science University,University of North Carolina at Chapel Hill,Field,Microbiology,2,1,1
"University of Arizona, The",University of North Carolina at Chapel Hill,Field,Microbiology,2,1,1
University of North Carolina at Chapel Hill,University of North Carolina at Chapel Hill,Field,Microbiology,8,5,3
University of Pittsburgh,University of North Carolina at Chapel Hill,Field,Microbiology,3,1,2
"University of Tennessee, The",University of North Carolina at Chapel Hill,Field,Microbiology,2,1,1
Vanderbilt University,University of North Carolina at Chapel Hill,Field,Microbiology,3,1,1
Oklahoma State University,University of Oklahoma,Field,Microbiology,3,1,2
University of Oklahoma,University of Oklahoma,Field,Microbiology,3,1,2
Oregon State University,University of Oregon,Field,Microbiology,2,1,1
Albert Einstein College of Medicine of Yeshiva University,University of Pennsylvania,Field,Microbiology,2,1,1
Johns Hopkins University,University of Pennsylvania,Field,Microbiology,3,1,2
Michigan State University,University of Pennsylvania,Field,Microbiology,2,1,1
"University of California, Riverside",University of Pennsylvania,Field,Microbiology,2,1,1
University of North Carolina at Chapel Hill,University of Pennsylvania,Field,Microbiology,3,2,1
University of Pennsylvania,University of Pennsylvania,Field,Microbiology,4,2,1
Vanderbilt University,University of Pennsylvania,Field,Microbiology,3,1,2
University of Pittsburgh,University of Pittsburgh,Field,Microbiology,12,6,5
University of Rochester,University of Rochester,Field,Microbiology,4,1,3
Vanderbilt University,University of Rochester,Field,Microbiology,2,1,1
University of South Florida,University of South Florida,Field,Microbiology,2,1,1
"Pennsylvania State University, The","University of Tennessee, The",Field,Microbiology,3,1,2
"University of Texas Medical Branch, The","University of Texas Health Science Center at Houston, The",Field,Microbiology,2,1,1
"University of Texas Medical Branch, The","University of Texas Medical Branch, The",Field,Microbiology,7,1,3
University of Colorado Denver,"University of Texas Southwestern Medical Center at Dallas, The",Field,Microbiology,3,1,2
Vanderbilt University,"University of Texas Southwestern Medical Center at Dallas, The",Field,Microbiology,3,1,1
Brigham Young University,"University of Utah, The",Field,Microbiology,2,1,1
University of Pittsburgh,"University of Utah, The",Field,Microbiology,2,1,1
Vanderbilt University,"University of Utah, The",Field,Microbiology,2,1,1
"University of Vermont, The","University of Vermont, The",Field,Microbiology,5,4,1
University of Virginia,University of Virginia,Field,Microbiology,2,1,1
Michigan State University,University of Washington,Field,Microbiology,3,1,2
Northwestern University,University of Washington,Field,Microbiology,3,2,1
University of Colorado Denver,University of Washington,Field,Microbiology,5,2,3
Virginia Commonwealth University,University of Washington,Field,Microbiology,2,1,1
Colorado State University,University of Wisconsin - Madison,Field,Microbiology,5,1,4
Michigan State University,University of Wisconsin - Madison,Field,Microbiology,5,1,3
"Ohio State University, The",University of Wisconsin - Madison,Field,Microbiology,2,1,1
"Pennsylvania State University, The",University of Wisconsin - Madison,Field,Microbiology,4,2,2
Tufts University,University of Wisconsin - Madison,Field,Microbiology,2,1,1
"University of Alabama at Birmingham, The",University of Wisconsin - Madison,Field,Microbiology,3,1,2
"University of California, Los Angeles",University of Wisconsin - Madison,Field,Microbiology,4,1,3
University of Colorado Denver,University of Wisconsin - Madison,Field,Microbiology,5,1,2
University of Georgia,University of Wisconsin - Madison,Field,Microbiology,5,1,4
"University of Iowa, The",University of Wisconsin - Madison,Field,Microbiology,5,1,3
University of Louisville,University of Wisconsin - Madison,Field,Microbiology,2,1,1
University of Michigan,University of Wisconsin - Madison,Field,Microbiology,3,1,2
University of Washington,University of Wisconsin - Madison,Field,Microbiology,2,1,1
University of Virginia,Vanderbilt University,Field,Microbiology,2,1,1
Vanderbilt University,Vanderbilt University,Field,Microbiology,17,9,5
Vanderbilt University,Virginia Commonwealth University,Field,Microbiology,3,1,2
"University of Arizona, The",Wake Forest University,Field,Microbiology,2,1,1
Montana State University,Washington State University,Field,Microbiology,2,1,1
"University of California, Davis",Washington State University,Field,Microbiology,3,2,1
Saint Louis University,Washington University in St. Louis,Field,Microbiology,2,1,1
University of Wisconsin - Madison,Washington University in St. Louis,Field,Microbiology,2,1,1
Vanderbilt University,Washington University in St. Louis,Field,Microbiology,6,1,5
"University of Texas Southwestern Medical Center at Dallas, The",Weill Medical College of Cornell University,Field,Microbiology,2,1,1
Duke University,Yale University,Field,Microbiology,3,1,2
"University of California, Los Angeles",Yale University,Field,Microbiology,3,1,2
University of Pittsburgh,Yale University,Field,Microbiology,2,1,1
