InstitutionName,DegreeInstitutionName,TaxonomyLevel,TaxonomyValue,TotalFaculty,FemaleFaculty,MaleFaculty
Auburn University,Auburn University,Field,Pharmacy,23,15,6
"Ohio State University, The",Duquesne University,Field,Pharmacy,2,1,1
Florida A&M University,Florida A&M University,Field,Pharmacy,22,9,12
University of South Florida,Florida A&M University,Field,Pharmacy,2,1,1
University of Georgia,Georgia Institute of Technology,Field,Pharmacy,2,1,1
Northeastern University,Harvard University,Field,Pharmacy,3,2,1
Florida A&M University,Howard University,Field,Pharmacy,2,1,1
University of North Carolina at Chapel Hill,Johns Hopkins University,Field,Pharmacy,2,1,1
Florida A&M University,Meharry Medical College,Field,Pharmacy,2,1,1
University of Kentucky,Michigan State University,Field,Pharmacy,2,1,1
University of North Carolina at Chapel Hill,North Carolina State University,Field,Pharmacy,4,2,1
North Dakota State University,North Dakota State University,Field,Pharmacy,12,9,3
"Ohio State University, The","Ohio State University, The",Field,Pharmacy,8,6,1
"University of Cincinnati, The","Ohio State University, The",Field,Pharmacy,3,1,2
"University of Kansas, The","Ohio State University, The",Field,Pharmacy,3,1,2
Oregon State University,Oregon State University,Field,Pharmacy,5,1,4
Purdue University,Purdue University,Field,Pharmacy,20,10,8
South Dakota State University,Purdue University,Field,Pharmacy,2,1,1
Oregon State University,Rutgers  - Newark,Field,Pharmacy,2,1,1
University of Oklahoma,Rutgers - New Brunswick,Field,Pharmacy,2,1,1
South Dakota State University,South Dakota State University,Field,Pharmacy,14,8,6
Long Island University Brooklyn Campus,St. John's University,Field,Pharmacy,4,1,2
University of Wisconsin - Madison,Stanford University,Field,Pharmacy,3,1,2
"University at Buffalo, State University of New York","University at Buffalo, State University of New York",Field,Pharmacy,21,7,12
University of Georgia,"University at Buffalo, State University of New York",Field,Pharmacy,2,1,1
University of North Carolina at Chapel Hill,"University at Buffalo, State University of New York",Field,Pharmacy,3,2,1
"University of Arizona, The","University of Arizona, The",Field,Pharmacy,3,1,2
University of Georgia,"University of California, San Diego",Field,Pharmacy,2,1,1
Purdue University,"University of California, San Francisco",Field,Pharmacy,2,1,1
"University of California, San Diego","University of California, San Francisco",Field,Pharmacy,9,6,3
"University of California, San Francisco","University of California, San Francisco",Field,Pharmacy,25,12,12
University of Southern California,"University of California, San Francisco",Field,Pharmacy,5,2,3
University of Washington,"University of California, San Francisco",Field,Pharmacy,2,1,1
University of the Pacific,"University of California, San Francisco",Field,Pharmacy,10,4,5
"University of Cincinnati, The","University of Cincinnati, The",Field,Pharmacy,7,5,2
"University of Texas at Austin, The",University of Florida,Field,Pharmacy,3,2,1
Florida A&M University,University of Georgia,Field,Pharmacy,3,1,2
"University of Arizona, The",University of Georgia,Field,Pharmacy,2,1,1
University of Georgia,University of Georgia,Field,Pharmacy,2,1,1
University of Illinois at Chicago,University of Illinois at Chicago,Field,Pharmacy,9,5,3
University of North Carolina at Chapel Hill,University of Illinois at Chicago,Field,Pharmacy,3,2,1
South Dakota State University,"University of Iowa, The",Field,Pharmacy,4,1,3
"University of Iowa, The","University of Iowa, The",Field,Pharmacy,23,12,10
Florida A&M University,"University of Kansas, The",Field,Pharmacy,2,1,1
"University of Kansas, The","University of Kansas, The",Field,Pharmacy,16,8,8
University of North Carolina at Chapel Hill,"University of Kansas, The",Field,Pharmacy,4,2,2
University of Kentucky,University of Kentucky,Field,Pharmacy,13,7,5
University of North Carolina at Chapel Hill,University of Kentucky,Field,Pharmacy,7,1,5
"University of Louisiana at Monroe, The","University of Louisiana at Monroe, The",Field,Pharmacy,2,1,1
"University of Toledo, The","University of Louisiana at Monroe, The",Field,Pharmacy,2,1,1
"University of Arizona, The",University of Michigan,Field,Pharmacy,2,1,1
University of Georgia,University of Michigan,Field,Pharmacy,2,1,1
University of Michigan,University of Michigan,Field,Pharmacy,4,2,1
"University of Texas at Austin, The",University of Michigan,Field,Pharmacy,2,1,1
Wayne State University,University of Michigan,Field,Pharmacy,5,3,2
University of Michigan,"University of Minnesota, Twin Cities",Field,Pharmacy,3,2,1
"University of Minnesota, Twin Cities","University of Minnesota, Twin Cities",Field,Pharmacy,11,8,3
University of North Carolina at Chapel Hill,"University of Minnesota, Twin Cities",Field,Pharmacy,3,1,1
University of Wisconsin - Madison,"University of Minnesota, Twin Cities",Field,Pharmacy,2,1,1
"University of Mississippi, The","University of Mississippi, The",Field,Pharmacy,15,4,6
Auburn University,"University of Missouri - Kansas City, The",Field,Pharmacy,3,1,1
"University of Montana, Missoula","University of Montana, Missoula",Field,Pharmacy,4,2,1
University of Michigan,University of North Carolina at Chapel Hill,Field,Pharmacy,2,1,1
University of North Carolina at Chapel Hill,University of North Carolina at Chapel Hill,Field,Pharmacy,35,13,16
University of Pittsburgh,University of North Carolina at Chapel Hill,Field,Pharmacy,2,1,1
North Dakota State University,"University of North Dakota, The",Field,Pharmacy,2,1,1
University of Oklahoma,University of Oklahoma,Field,Pharmacy,10,6,3
University of North Carolina at Chapel Hill,University of Pittsburgh,Field,Pharmacy,7,1,4
University of Pittsburgh,University of Pittsburgh,Field,Pharmacy,8,4,4
Long Island University Brooklyn Campus,University of Rhode Island,Field,Pharmacy,2,1,1
University of Connecticut,University of Rhode Island,Field,Pharmacy,2,1,1
University of Rhode Island,University of Rhode Island,Field,Pharmacy,7,4,3
Auburn University,University of South Carolina,Field,Pharmacy,4,3,1
Florida A&M University,University of South Florida,Field,Pharmacy,4,3,1
Oregon State University,University of Southern California,Field,Pharmacy,4,3,1
"University of California, San Francisco",University of Southern California,Field,Pharmacy,4,1,2
University of Southern California,University of Southern California,Field,Pharmacy,17,8,9
University of the Pacific,University of Southern California,Field,Pharmacy,3,1,1
Auburn University,"University of Tennessee, The",Field,Pharmacy,3,1,1
"University of Texas at Austin, The","University of Texas Health Science Center at San Antonio, The",Field,Pharmacy,2,1,1
"University of Texas at Austin, The","University of Texas at Austin, The",Field,Pharmacy,10,3,6
Virginia Commonwealth University,"University of Texas at Austin, The",Field,Pharmacy,2,1,1
"University of Toledo, The","University of Toledo, The",Field,Pharmacy,3,1,2
"University of Utah, The","University of Utah, The",Field,Pharmacy,3,2,1
University of the Pacific,"University of Utah, The",Field,Pharmacy,3,1,2
University of Washington,University of Washington,Field,Pharmacy,8,4,3
University of Colorado Denver,University of Wisconsin - Madison,Field,Pharmacy,2,1,1
University of Illinois at Chicago,University of Wisconsin - Madison,Field,Pharmacy,2,1,1
"University of Iowa, The",University of Wisconsin - Madison,Field,Pharmacy,3,1,1
"University of Minnesota, Twin Cities",University of Wisconsin - Madison,Field,Pharmacy,3,1,2
"University of Texas at Austin, The",University of Wisconsin - Madison,Field,Pharmacy,2,1,1
University of Wisconsin - Madison,University of Wisconsin - Madison,Field,Pharmacy,10,4,5
University of Colorado Denver,University of the Pacific,Field,Pharmacy,2,1,1
University of the Pacific,University of the Pacific,Field,Pharmacy,13,6,6
Wayne State University,Wayne State University,Field,Pharmacy,13,8,5
West Virginia University,West Virginia University,Field,Pharmacy,3,1,2
